season,team,home_games,home_wins,home_draws,home_losses,home_goals_for,home_goals_against,home_goal_diff,home_points,home_points_per_game,home_win_rate,away_games,away_wins,away_draws,away_losses,away_goals_for,away_goals_against,away_goal_diff,away_points,away_points_per_game,away_win_rate,home_away_gap
1994-1995,Ad. Demirspor,17,3,4,10,16,33,-17,13,0.765,0.176,17,0,2,15,9,48,-39,2,0.118,0.0,0.647
1994-1995,Altay,17,8,5,4,28,29,-1,29,1.706,0.471,17,3,6,8,16,28,-12,15,0.882,0.176,0.824
1994-1995,Ankaragucu,17,8,5,4,23,20,3,29,1.706,0.471,17,2,3,12,16,37,-21,9,0.529,0.118,1.177
1994-1995,Antalya,17,8,3,6,21,18,3,27,1.588,0.471,17,2,5,10,18,28,-10,11,0.647,0.118,0.941
1994-1995,Besiktas,17,14,1,2,45,11,34,43,2.529,0.824,17,10,6,1,35,15,20,36,2.118,0.588,0.411
1994-1995,Bursaspor,17,10,5,2,31,16,15,35,2.059,0.588,17,3,7,7,16,23,-7,16,0.941,0.176,1.118
1994-1995,Denizlispor,17,7,6,4,25,16,9,27,1.588,0.412,17,1,5,11,17,39,-22,8,0.471,0.059,1.117
1994-1995,Fenerbahce,17,13,3,1,51,14,37,42,2.471,0.765,17,7,4,6,27,21,6,25,1.471,0.412,1.0
1994-1995,Galatasaray,17,12,2,3,38,15,23,38,2.235,0.706,17,9,4,4,38,23,15,31,1.824,0.529,0.411
1994-1995,Gaziantepspor,17,12,3,2,32,13,19,39,2.294,0.706,17,2,3,12,18,37,-19,9,0.529,0.118,1.765
1994-1995,Genclerbirligi,17,11,4,2,33,17,16,37,2.176,0.647,17,6,4,7,27,28,-1,22,1.294,0.353,0.882
1994-1995,Kayseri,17,9,4,4,41,27,14,31,1.824,0.529,17,3,2,12,21,43,-22,11,0.647,0.176,1.177
1994-1995,Kocaelispor,17,11,5,1,42,19,23,38,2.235,0.647,17,1,3,13,15,41,-26,6,0.353,0.059,1.882
1994-1995,P. Ofisi,17,6,3,8,20,28,-8,21,1.235,0.353,17,2,2,13,18,45,-27,8,0.471,0.118,0.764
1994-1995,Samsunspor,17,8,5,4,37,24,13,29,1.706,0.471,17,4,4,9,17,36,-19,16,0.941,0.235,0.765
1994-1995,Trabzonspor,17,13,3,1,48,10,38,42,2.471,0.765,17,10,4,3,32,18,14,34,2.0,0.588,0.471
1994-1995,Vanspor,17,9,4,4,27,18,9,31,1.824,0.529,17,2,2,13,11,32,-21,8,0.471,0.118,1.353
1994-1995,Zeytinburnu,17,6,5,6,24,34,-10,23,1.353,0.353,17,1,4,12,11,40,-29,7,0.412,0.059,0.941
1995-1996,Altay,17,6,4,7,21,25,-4,22,1.294,0.353,17,3,5,9,14,31,-17,14,0.824,0.176,0.47
1995-1996,Ankaragucu,17,8,5,4,24,15,9,29,1.706,0.471,17,2,2,13,12,41,-29,8,0.471,0.118,1.235
1995-1996,Antalyaspor,17,9,3,5,25,19,6,30,1.765,0.529,17,4,3,10,20,36,-16,15,0.882,0.235,0.883
1995-1996,Besiktas,17,12,1,4,48,26,22,37,2.176,0.706,17,10,2,5,26,20,6,32,1.882,0.588,0.294
1995-1996,Bursaspor,17,7,5,5,37,21,16,26,1.529,0.412,17,3,6,8,19,27,-8,15,0.882,0.176,0.647
1995-1996,Denizlispor,17,4,5,8,18,24,-6,17,1.0,0.235,17,4,5,8,20,26,-6,17,1.0,0.235,0.0
1995-1996,Eskisehirspor,17,6,1,10,23,26,-3,19,1.118,0.353,17,4,1,12,17,42,-25,13,0.765,0.235,0.353
1995-1996,Fenerbahce,17,14,3,0,41,7,34,45,2.647,0.824,17,12,3,2,27,12,15,39,2.294,0.706,0.353
1995-1996,Galatasaray,17,12,1,4,35,14,21,37,2.176,0.706,17,9,4,4,31,24,7,31,1.824,0.529,0.352
1995-1996,Gaziantepspor,17,11,4,2,29,15,14,37,2.176,0.647,17,3,3,11,13,28,-15,12,0.706,0.176,1.47
1995-1996,Genclerbirligi,17,7,5,5,28,22,6,26,1.529,0.412,17,3,6,8,13,26,-13,15,0.882,0.176,0.647
1995-1996,Istanbulspor,17,3,6,8,21,30,-9,15,0.882,0.176,17,5,5,7,25,27,-2,20,1.176,0.294,-0.294
1995-1996,Karsiyaka,17,5,3,9,16,29,-13,18,1.059,0.294,17,2,3,12,10,36,-26,9,0.529,0.118,0.53
1995-1996,Kayseri,17,5,6,6,24,20,4,21,1.235,0.294,17,2,5,10,17,40,-23,11,0.647,0.118,0.588
1995-1996,Kocaelispor,17,10,5,2,33,16,17,35,2.059,0.588,17,6,6,5,28,27,1,24,1.412,0.353,0.647
1995-1996,Samsunspor,17,9,4,4,32,20,12,31,1.824,0.529,17,3,3,11,14,26,-12,12,0.706,0.176,1.118
1995-1996,Trabzonspor,17,13,2,2,39,10,29,41,2.412,0.765,17,13,2,2,40,14,26,41,2.412,0.765,0.0
1995-1996,Vanspor,17,7,6,4,22,17,5,27,1.588,0.412,17,1,5,11,10,33,-23,8,0.471,0.059,1.117
1996-1997,Altay,17,7,6,4,23,29,-6,27,1.588,0.412,17,2,4,11,7,31,-24,10,0.588,0.118,1.0
1996-1997,Ankaragucu,17,6,4,7,15,20,-5,22,1.294,0.353,17,4,4,9,24,32,-8,16,0.941,0.235,0.353
1996-1997,Antalyaspor,17,9,4,4,21,21,0,31,1.824,0.529,17,4,2,11,17,28,-11,14,0.824,0.235,1.0
1996-1997,Besiktas,17,14,3,0,49,7,42,45,2.647,0.824,17,8,5,4,39,19,20,29,1.706,0.471,0.941
1996-1997,Bursaspor,17,10,3,4,33,17,16,33,1.941,0.588,17,7,5,5,22,20,2,26,1.529,0.412,0.412
1996-1997,Dardanelspor,17,8,4,5,25,25,0,28,1.647,0.471,17,2,2,13,10,40,-30,8,0.471,0.118,1.176
1996-1997,Denizlispor,17,3,4,10,22,37,-15,13,0.765,0.176,17,2,1,14,14,43,-29,7,0.412,0.118,0.353
1996-1997,Fenerbahce,17,14,2,1,47,7,40,44,2.588,0.824,17,8,5,4,32,18,14,29,1.706,0.471,0.882
1996-1997,Galatasaray,17,12,4,1,45,15,30,40,2.353,0.706,17,13,3,1,45,15,30,42,2.471,0.765,-0.118
1996-1997,Gaziantepspor,17,11,3,3,23,13,10,36,2.118,0.647,17,2,5,10,15,37,-22,11,0.647,0.118,1.471
1996-1997,Genclerbirligi,17,8,3,6,22,23,-1,27,1.588,0.471,17,3,3,11,14,26,-12,12,0.706,0.176,0.882
1996-1997,Istanbulspor,17,9,4,4,39,22,17,31,1.824,0.529,17,7,3,7,17,21,-4,24,1.412,0.412,0.412
1996-1997,Kocaelispor,17,8,5,4,22,17,5,29,1.706,0.471,17,4,7,6,15,17,-2,19,1.118,0.235,0.588
1996-1997,Samsunspor,17,9,4,4,27,17,10,31,1.824,0.529,17,3,5,9,22,35,-13,14,0.824,0.176,1.0
1996-1997,Sariyer,17,8,4,5,28,24,4,28,1.647,0.471,17,1,3,13,13,30,-17,6,0.353,0.059,1.294
1996-1997,Trabzonspor,17,13,3,1,43,14,29,42,2.471,0.765,17,9,3,5,29,19,10,30,1.765,0.529,0.706
1996-1997,Vanspor,17,8,4,5,20,13,7,28,1.647,0.471,17,2,3,12,11,37,-26,9,0.529,0.118,1.118
1996-1997,Zeytinburnu,17,2,2,13,12,38,-26,8,0.471,0.118,17,0,3,14,13,48,-35,3,0.176,0.0,0.295
1997-1998,Altay,17,7,4,6,27,26,1,25,1.471,0.412,17,5,7,5,18,26,-8,22,1.294,0.294,0.177
1997-1998,Ankaragucu,17,9,2,6,27,23,4,29,1.706,0.529,17,2,6,9,13,24,-11,12,0.706,0.118,1.0
1997-1998,Antalyaspor,17,6,8,3,28,22,6,26,1.529,0.353,17,4,3,10,23,33,-10,15,0.882,0.235,0.647
1997-1998,Besiktas,17,9,4,4,27,14,13,31,1.824,0.529,17,4,5,8,29,27,2,17,1.0,0.235,0.824
1997-1998,Bursaspor,17,9,3,5,31,22,9,30,1.765,0.529,17,3,6,8,15,28,-13,15,0.882,0.176,0.883
1997-1998,Dardanelspor,17,7,7,3,24,13,11,28,1.647,0.412,17,3,4,10,13,27,-14,13,0.765,0.176,0.882
1997-1998,Fenerbahce,17,13,2,2,37,10,27,41,2.412,0.765,17,8,6,3,22,15,7,30,1.765,0.471,0.647
1997-1998,Galatasaray,17,15,2,0,52,16,36,47,2.765,0.882,17,8,4,5,34,27,7,28,1.647,0.471,1.118
1997-1998,Gaziantepspor,17,6,8,3,28,20,8,26,1.529,0.353,17,3,3,11,11,22,-11,12,0.706,0.176,0.823
1997-1998,Genclerbirligi,17,7,5,5,24,16,8,26,1.529,0.412,17,2,6,9,18,30,-12,12,0.706,0.118,0.823
1997-1998,Istanbulspor,17,8,5,4,39,26,13,29,1.706,0.471,17,6,7,4,21,16,5,25,1.471,0.353,0.235
1997-1998,Karabukspor,17,9,3,5,21,16,5,30,1.765,0.529,17,4,2,11,13,34,-21,14,0.824,0.235,0.941
1997-1998,Kayseri,17,7,4,6,23,20,3,25,1.471,0.412,17,4,1,12,19,40,-21,13,0.765,0.235,0.706
1997-1998,Kocaelispor,17,10,3,4,36,20,16,33,1.941,0.588,17,2,4,11,10,26,-16,10,0.588,0.118,1.353
1997-1998,Samsunspor,17,8,4,5,23,15,8,28,1.647,0.471,17,6,3,8,19,27,-8,21,1.235,0.353,0.412
1997-1998,Sekerspor,17,7,5,5,22,23,-1,26,1.529,0.412,17,2,4,11,19,44,-25,10,0.588,0.118,0.941
1997-1998,Trabzonspor,17,10,4,3,36,20,16,34,2.0,0.588,17,9,5,3,32,22,10,32,1.882,0.529,0.118
1997-1998,Vanspor,17,4,6,7,11,22,-11,18,1.059,0.235,17,1,3,13,15,48,-33,6,0.353,0.059,0.706
1998-1999,Adanaspor,17,9,4,4,27,16,11,31,1.824,0.529,17,1,4,12,10,37,-27,7,0.412,0.059,1.412
1998-1999,Altay,17,9,3,5,30,24,6,30,1.765,0.529,17,2,4,11,16,35,-19,10,0.588,0.118,1.177
1998-1999,Ankaragucu,17,6,6,5,28,21,7,24,1.412,0.353,17,4,2,11,17,34,-17,14,0.824,0.235,0.588
1998-1999,Antalyaspor,17,8,4,5,26,22,4,28,1.647,0.471,17,6,3,8,20,25,-5,21,1.235,0.353,0.412
1998-1999,Besiktas,17,9,7,1,29,16,13,34,2.0,0.529,17,14,1,2,29,11,18,43,2.529,0.824,-0.529
1998-1999,Bursaspor,17,9,2,6,30,22,8,29,1.706,0.529,17,2,4,11,21,47,-26,10,0.588,0.118,1.118
1998-1999,Dardanelspor,17,7,4,6,25,19,6,25,1.471,0.412,17,1,4,12,10,30,-20,7,0.412,0.059,1.059
1998-1999,Erzurum,17,8,5,4,25,22,3,29,1.706,0.471,17,2,4,11,15,42,-27,10,0.588,0.118,1.118
1998-1999,Fenerbahce,17,14,2,1,54,13,41,44,2.588,0.824,17,8,4,5,30,16,14,28,1.647,0.471,0.941
1998-1999,Galatasaray,17,12,3,2,45,18,27,39,2.294,0.706,17,11,6,0,40,12,28,39,2.294,0.647,0.0
1998-1999,Gaziantepspor,17,9,6,2,33,18,15,33,1.941,0.529,17,3,6,8,18,30,-12,15,0.882,0.176,1.059
1998-1999,Genclerbirligi,17,7,3,7,26,22,4,24,1.412,0.412,17,5,7,5,23,25,-2,22,1.294,0.294,0.118
1998-1999,Istanbulspor,17,6,4,7,26,21,5,22,1.294,0.353,17,6,3,8,22,34,-12,21,1.235,0.353,0.059
1998-1999,Karabukspor,17,4,5,8,15,29,-14,17,1.0,0.235,17,1,3,13,11,35,-24,6,0.353,0.059,0.647
1998-1999,Kocaelispor,17,8,3,6,21,16,5,27,1.588,0.471,17,6,5,6,23,21,2,23,1.353,0.353,0.235
1998-1999,Sakaryaspor,17,7,6,4,32,17,15,27,1.588,0.412,17,2,2,13,12,35,-23,8,0.471,0.118,1.117
1998-1999,Samsunspor,17,6,4,7,19,25,-6,22,1.294,0.353,17,5,4,8,19,28,-9,19,1.118,0.294,0.176
1998-1999,Trabzonspor,17,10,1,6,24,19,5,31,1.824,0.588,17,7,6,4,24,18,6,27,1.588,0.412,0.236
1999-2000,Adanaspor,17,8,2,7,29,23,6,26,1.529,0.471,17,5,4,8,22,32,-10,19,1.118,0.294,0.411
1999-2000,Altay,17,8,4,5,22,16,6,28,1.647,0.471,17,2,3,12,12,27,-15,9,0.529,0.118,1.118
1999-2000,Ankaragucu,17,6,6,5,23,21,2,24,1.412,0.353,17,3,6,8,22,35,-13,15,0.882,0.176,0.53
1999-2000,Antalyaspor,17,5,6,6,24,24,0,21,1.235,0.294,17,6,2,9,18,34,-16,20,1.176,0.353,0.059
1999-2000,Besiktas,17,12,3,2,38,11,27,39,2.294,0.706,17,11,3,3,36,16,20,36,2.118,0.647,0.176
1999-2000,Bursaspor,17,9,2,6,34,28,6,29,1.706,0.529,17,3,4,10,17,35,-18,13,0.765,0.176,0.941
1999-2000,Denizlispor,17,10,2,5,32,23,9,32,1.882,0.588,17,3,6,8,23,34,-11,15,0.882,0.176,1.0
1999-2000,Erzurumspor,17,7,7,3,26,19,7,28,1.647,0.412,17,3,1,13,14,42,-28,10,0.588,0.176,1.059
1999-2000,Fenerbahce,17,9,4,4,27,20,7,31,1.824,0.529,17,8,6,3,32,24,8,30,1.765,0.471,0.059
1999-2000,Galatasaray,17,13,2,2,49,10,39,41,2.412,0.765,17,11,5,1,28,13,15,38,2.235,0.647,0.177
1999-2000,Gaziantepspor,17,9,5,3,32,15,17,32,1.882,0.529,17,8,6,3,17,12,5,30,1.765,0.471,0.117
1999-2000,Genclerbirligi,17,8,5,4,27,17,10,29,1.706,0.471,17,8,3,6,30,30,0,27,1.588,0.471,0.118
1999-2000,Goztep,17,4,3,10,17,26,-9,15,0.882,0.235,17,3,2,12,9,28,-19,11,0.647,0.176,0.235
1999-2000,Istanbulspor,17,7,6,4,26,21,5,27,1.588,0.412,17,1,7,9,12,22,-10,10,0.588,0.059,1.0
1999-2000,Kocaelispor,17,9,4,4,30,18,12,31,1.824,0.529,17,2,3,12,14,40,-26,9,0.529,0.118,1.295
1999-2000,Samsunspor,17,10,2,5,31,15,16,32,1.882,0.588,17,6,2,9,20,28,-8,20,1.176,0.353,0.706
1999-2000,Trabzonspor,17,10,3,4,28,15,13,33,1.941,0.588,17,5,5,7,19,26,-7,20,1.176,0.294,0.765
1999-2000,Vanspor,17,3,4,10,24,37,-13,13,0.765,0.176,17,1,2,14,14,41,-27,5,0.294,0.059,0.471
2000-2001,Adanaspor,17,1,8,8,27,42,-15,11,0.647,0.059,17,1,2,14,24,49,-25,5,0.294,0.059,0.353
2000-2001,Ankaragucu,17,9,4,4,39,24,15,31,1.824,0.529,17,7,4,6,26,35,-9,25,1.471,0.412,0.353
2000-2001,Antalyaspor,17,6,5,6,31,29,2,23,1.353,0.353,17,3,4,10,14,35,-21,13,0.765,0.176,0.588
2000-2001,Besiktas,17,13,2,2,41,18,23,41,2.412,0.765,17,6,5,6,27,30,-3,23,1.353,0.353,1.059
2000-2001,Bursaspor,17,8,3,6,36,30,6,27,1.588,0.471,17,3,4,10,19,30,-11,13,0.765,0.176,0.823
2000-2001,Denizlispor,17,8,5,4,27,20,7,29,1.706,0.471,17,4,4,9,26,36,-10,16,0.941,0.235,0.765
2000-2001,Erzurumspor,17,4,3,10,21,26,-5,15,0.882,0.235,17,1,3,13,15,54,-39,6,0.353,0.059,0.529
2000-2001,Fenerbahce,17,17,0,0,55,17,38,51,3.0,1.0,17,7,4,6,27,22,5,25,1.471,0.412,1.529
2000-2001,Galatasaray,17,11,2,4,40,14,26,35,2.059,0.647,17,12,2,3,37,21,16,38,2.235,0.706,-0.176
2000-2001,Gaziantepspor,17,12,4,1,36,11,25,40,2.353,0.706,17,8,4,5,31,29,2,28,1.647,0.471,0.706
2000-2001,Genclerbirligi,17,9,2,6,25,21,4,29,1.706,0.529,17,5,2,10,19,32,-13,17,1.0,0.294,0.706
2000-2001,Istanbulspor,17,6,2,9,20,33,-13,20,1.176,0.353,17,6,6,5,27,25,2,24,1.412,0.353,-0.236
2000-2001,Kocaelispor,17,9,5,3,35,24,11,32,1.882,0.529,17,2,6,9,22,33,-11,12,0.706,0.118,1.176
2000-2001,Rizespor,17,12,2,3,36,19,17,38,2.235,0.706,17,1,5,11,9,24,-15,8,0.471,0.059,1.764
2000-2001,Samsunspor,17,6,5,6,32,29,3,23,1.353,0.353,17,6,4,7,20,24,-4,22,1.294,0.353,0.059
2000-2001,Siirt Jet-PA,17,2,5,10,22,37,-15,11,0.647,0.118,17,4,1,12,25,44,-19,13,0.765,0.235,-0.118
2000-2001,Trabzonspor,17,11,4,2,35,18,17,37,2.176,0.647,17,6,3,8,34,34,0,21,1.235,0.353,0.941
2000-2001,Yozgatspor,17,8,6,3,30,15,15,30,1.765,0.471,17,5,4,8,25,31,-6,19,1.118,0.294,0.647
2001-2002,Ankaragucu,17,9,5,3,39,24,15,32,1.882,0.529,17,6,3,8,33,34,-1,21,1.235,0.353,0.647
2001-2002,Antalyaspor,17,7,7,3,30,28,2,28,1.647,0.412,17,2,3,12,16,33,-17,9,0.529,0.118,1.118
2001-2002,Besiktas,17,8,4,5,30,21,9,28,1.647,0.471,17,10,4,3,39,18,21,34,2.0,0.588,-0.353
2001-2002,Bursaspor,17,8,4,5,26,19,7,28,1.647,0.471,17,5,1,11,22,41,-19,16,0.941,0.294,0.706
2001-2002,Denizlispor,17,10,4,3,45,23,22,34,2.0,0.588,17,2,8,7,20,29,-9,14,0.824,0.118,1.176
2001-2002,Diyarbakirspor,17,7,6,4,24,17,7,27,1.588,0.412,17,3,4,10,17,33,-16,13,0.765,0.176,0.823
2001-2002,Fenerbahce,17,15,1,1,42,12,30,46,2.706,0.882,17,9,2,6,28,19,9,29,1.706,0.529,1.0
2001-2002,Galatasaray,17,17,0,0,48,9,39,51,3.0,1.0,17,7,6,4,27,22,5,27,1.588,0.412,1.412
2001-2002,Gaziantepspor,17,8,4,5,34,23,11,28,1.647,0.471,17,5,5,7,23,29,-6,20,1.176,0.294,0.471
2001-2002,Genclerbirligi,17,5,7,5,27,26,1,22,1.294,0.294,17,6,5,6,20,25,-5,23,1.353,0.353,-0.059
2001-2002,Goztep,17,8,5,4,25,25,0,29,1.706,0.471,17,4,4,9,13,31,-18,16,0.941,0.235,0.765
2001-2002,Istanbulspor,17,8,3,6,20,13,7,27,1.588,0.471,17,4,5,8,13,25,-12,17,1.0,0.235,0.588
2001-2002,Kocaelispor,17,9,3,5,29,22,7,30,1.765,0.529,17,3,4,10,16,38,-22,13,0.765,0.176,1.0
2001-2002,Malatyaspor,17,10,2,5,25,20,5,32,1.882,0.588,17,1,5,11,9,30,-21,8,0.471,0.059,1.411
2001-2002,Rizespor,17,6,7,4,23,21,2,25,1.471,0.353,17,3,3,11,20,30,-10,12,0.706,0.176,0.765
2001-2002,Samsunspor,17,6,5,6,20,18,2,23,1.353,0.353,17,4,3,10,12,25,-13,15,0.882,0.235,0.471
2001-2002,Trabzonspor,17,8,4,5,26,20,6,28,1.647,0.471,17,3,3,11,23,40,-17,12,0.706,0.176,0.941
2001-2002,Yozgatspor,17,6,3,8,29,27,2,21,1.235,0.353,17,0,6,11,17,40,-23,6,0.353,0.0,0.882
2002-2003,Adanaspor,17,5,5,7,20,27,-7,20,1.176,0.294,17,5,5,7,24,27,-3,20,1.176,0.294,0.0
2002-2003,Altay,17,6,4,7,35,34,1,22,1.294,0.353,17,3,4,10,13,35,-22,13,0.765,0.176,0.529
2002-2003,Ankaragucu,17,10,4,3,31,14,17,34,2.0,0.588,17,5,0,12,13,28,-15,15,0.882,0.294,1.118
2002-2003,Besiktas,17,14,3,0,34,7,27,45,2.647,0.824,17,12,4,1,29,14,15,40,2.353,0.706,0.294
2002-2003,Bursaspor,17,9,4,4,30,22,8,31,1.824,0.529,17,0,5,12,12,40,-28,5,0.294,0.0,1.53
2002-2003,Denizlispor,17,7,5,5,22,19,3,26,1.529,0.412,17,3,5,9,15,23,-8,14,0.824,0.176,0.705
2002-2003,Diyarbakirspor,17,7,6,4,24,15,9,27,1.588,0.412,17,2,3,12,10,32,-22,9,0.529,0.118,1.059
2002-2003,Elazigspor,17,8,3,6,21,19,2,27,1.588,0.471,17,2,4,11,19,40,-21,10,0.588,0.118,1.0
2002-2003,Fenerbahce,17,10,5,2,36,14,22,35,2.059,0.588,17,3,7,7,19,28,-9,16,0.941,0.176,1.118
2002-2003,Galatasaray,17,13,2,2,36,10,26,41,2.412,0.765,17,11,3,3,25,17,8,36,2.118,0.647,0.294
2002-2003,Gaziantepspor,17,11,5,1,39,19,20,38,2.235,0.647,17,5,4,8,22,22,0,19,1.118,0.294,1.117
2002-2003,Genclerbirligi,17,11,3,3,31,13,18,36,2.118,0.647,17,8,6,3,45,27,18,30,1.765,0.471,0.353
2002-2003,Goztep,17,3,6,8,17,25,-8,15,0.882,0.176,17,2,5,10,15,32,-17,11,0.647,0.118,0.235
2002-2003,Istanbulspor,17,7,4,6,21,20,1,25,1.471,0.412,17,5,3,9,21,27,-6,18,1.059,0.294,0.412
2002-2003,Kocaelispor,17,3,3,11,19,32,-13,12,0.706,0.176,17,3,1,13,13,34,-21,10,0.588,0.176,0.118
2002-2003,Malatyaspor,17,10,4,3,39,22,17,34,2.0,0.588,17,4,6,7,17,23,-6,18,1.059,0.235,0.941
2002-2003,Samsunspor,17,6,3,8,23,32,-9,21,1.235,0.353,17,4,6,7,19,27,-8,18,1.059,0.235,0.176
2002-2003,Trabzonspor,17,7,7,3,21,10,11,28,1.647,0.412,17,6,5,6,23,23,0,23,1.353,0.353,0.294
2003-2004,A. Sebatspor,17,6,4,7,21,25,-4,22,1.294,0.353,17,5,5,7,24,28,-4,20,1.176,0.294,0.118
2003-2004,Adanaspor,17,3,3,11,19,29,-10,12,0.706,0.176,17,3,1,13,19,44,-25,10,0.588,0.176,0.118
2003-2004,Ankaragucu,17,8,4,5,27,23,4,28,1.647,0.471,17,5,2,10,21,30,-9,17,1.0,0.294,0.647
2003-2004,Besiktas,17,10,3,4,38,24,14,33,1.941,0.588,17,8,5,4,28,21,7,29,1.706,0.471,0.235
2003-2004,Bursaspor,17,7,7,3,28,15,13,28,1.647,0.412,17,3,3,11,12,25,-13,12,0.706,0.176,0.941
2003-2004,Denizlispor,17,8,2,7,25,20,5,26,1.529,0.471,17,9,2,6,27,23,4,29,1.706,0.529,-0.177
2003-2004,Diyarbakirspor,17,7,5,5,24,20,4,26,1.529,0.412,17,5,2,10,20,34,-14,17,1.0,0.294,0.529
2003-2004,Elazigspor,17,3,6,8,18,28,-10,15,0.882,0.176,17,2,1,14,19,51,-32,7,0.412,0.118,0.47
2003-2004,Fenerbahce,17,12,3,2,47,23,24,39,2.294,0.706,17,11,4,2,35,18,17,37,2.176,0.647,0.118
2003-2004,Galatasaray,17,10,4,3,35,25,10,34,2.0,0.588,17,5,5,7,21,22,-1,20,1.176,0.294,0.824
2003-2004,Gaziantepspor,17,10,1,6,30,26,4,31,1.824,0.588,17,8,2,7,22,25,-3,26,1.529,0.471,0.295
2003-2004,Genclerbirligi,17,8,3,6,34,23,11,27,1.588,0.471,17,4,5,8,22,29,-7,17,1.0,0.235,0.588
2003-2004,Istanbulspor,17,6,3,8,23,22,1,21,1.235,0.353,17,5,5,7,23,23,0,20,1.176,0.294,0.059
2003-2004,Konyaspor,17,6,8,3,29,24,5,26,1.529,0.353,17,4,6,7,24,30,-6,18,1.059,0.235,0.47
2003-2004,Malatyaspor,17,8,4,5,30,16,14,28,1.647,0.471,17,3,8,6,21,24,-3,17,1.0,0.176,0.647
2003-2004,Rizespor,17,10,1,6,22,18,4,31,1.824,0.588,17,4,2,11,16,32,-16,14,0.824,0.235,1.0
2003-2004,Samsunspor,17,10,3,4,30,22,8,33,1.941,0.588,17,3,4,10,16,26,-10,13,0.765,0.176,1.176
2003-2004,Trabzonspor,17,11,2,4,28,16,12,35,2.059,0.647,17,10,4,3,29,23,6,34,2.0,0.588,0.059
2004-2005,A. Sebatspor,17,3,7,7,20,30,-10,16,0.941,0.176,17,0,3,14,20,48,-28,3,0.176,0.0,0.765
2004-2005,Ankaragucu,17,6,5,6,23,28,-5,23,1.353,0.353,17,4,3,10,14,33,-19,15,0.882,0.235,0.471
2004-2005,Ankaraspor,17,9,2,6,27,23,4,29,1.706,0.529,17,4,7,6,25,25,0,19,1.118,0.235,0.588
2004-2005,Besiktas,17,12,3,2,38,17,21,39,2.294,0.706,17,8,6,3,32,22,10,30,1.765,0.471,0.529
2004-2005,Denizlispor,17,10,6,1,32,13,19,36,2.118,0.588,17,3,4,10,14,32,-18,13,0.765,0.176,1.353
2004-2005,Diyarbakirspor,17,8,3,6,20,15,5,27,1.588,0.471,17,1,4,12,11,38,-27,7,0.412,0.059,1.176
2004-2005,Fenerbahce,17,16,0,1,51,9,42,48,2.824,0.941,17,10,2,5,26,15,11,32,1.882,0.588,0.942
2004-2005,Galatasaray,17,14,1,2,40,14,26,43,2.529,0.824,17,10,3,4,24,11,13,33,1.941,0.588,0.588
2004-2005,Gaziantepspor,17,10,1,6,28,21,7,31,1.824,0.588,17,3,4,10,21,34,-13,13,0.765,0.176,1.059
2004-2005,Genclerbirligi,17,8,5,4,25,18,7,29,1.706,0.471,17,6,4,7,27,23,4,22,1.294,0.353,0.412
2004-2005,Istanbulspor,17,3,6,8,16,31,-15,15,0.882,0.176,17,2,6,9,16,28,-12,12,0.706,0.118,0.176
2004-2005,Kayserispor,17,6,6,5,23,22,1,24,1.412,0.353,17,2,4,11,19,43,-24,10,0.588,0.118,0.824
2004-2005,Konyaspor,17,8,6,3,34,24,10,30,1.765,0.471,17,3,6,8,28,38,-10,15,0.882,0.176,0.883
2004-2005,Malatyaspor,17,7,3,7,27,23,4,24,1.412,0.412,17,5,4,8,20,30,-10,19,1.118,0.294,0.294
2004-2005,Rizespor,17,7,5,5,23,18,5,26,1.529,0.412,17,4,5,8,13,19,-6,17,1.0,0.235,0.529
2004-2005,Sakaryaspor,17,7,3,7,34,34,0,24,1.412,0.412,17,2,2,13,17,38,-21,8,0.471,0.118,0.941
2004-2005,Samsunspor,17,5,6,6,23,23,0,21,1.235,0.294,17,5,2,10,17,32,-15,17,1.0,0.294,0.235
2004-2005,Trabzonspor,17,12,3,2,38,16,22,39,2.294,0.706,17,12,2,3,35,13,22,38,2.235,0.706,0.059
2005-2006,Ankaragucu,17,6,4,7,24,22,2,22,1.294,0.353,17,4,5,8,19,26,-7,17,1.0,0.235,0.294
2005-2006,Ankaraspor,17,4,7,6,23,24,-1,19,1.118,0.235,17,5,5,7,21,27,-6,20,1.176,0.294,-0.058
2005-2006,Besiktas,17,6,4,7,24,20,4,22,1.294,0.353,17,9,5,3,28,19,9,32,1.882,0.529,-0.588
2005-2006,Denizlispor,17,5,6,6,22,19,3,21,1.235,0.294,17,4,4,9,19,31,-12,16,0.941,0.235,0.294
2005-2006,Diyarbakirspor,17,5,2,10,15,30,-15,17,1.0,0.294,17,3,3,11,16,39,-23,12,0.706,0.176,0.294
2005-2006,Erciyesspor,17,5,6,6,14,17,-3,21,1.235,0.294,17,4,7,6,22,30,-8,19,1.118,0.235,0.117
2005-2006,Fenerbahce,17,13,4,0,49,16,33,43,2.529,0.765,17,12,2,3,41,18,23,38,2.235,0.706,0.294
2005-2006,Galatasaray,17,15,1,1,52,16,36,46,2.706,0.882,17,11,4,2,30,18,12,37,2.176,0.647,0.53
2005-2006,Gaziantepspor,17,4,8,5,19,22,-3,20,1.176,0.235,17,6,2,9,15,28,-13,20,1.176,0.353,0.0
2005-2006,Genclerbirligi,17,9,4,4,28,18,10,31,1.824,0.529,17,5,5,7,19,21,-2,20,1.176,0.294,0.648
2005-2006,Kayserispor,17,10,2,5,38,22,16,32,1.882,0.588,17,5,4,8,21,20,1,19,1.118,0.294,0.764
2005-2006,Konyaspor,17,9,3,5,26,19,7,30,1.765,0.529,17,3,7,7,13,24,-11,16,0.941,0.176,0.824
2005-2006,Malatyaspor,17,5,6,6,16,22,-6,21,1.235,0.294,17,4,3,10,18,28,-10,15,0.882,0.235,0.353
2005-2006,Manisaspor,17,7,3,7,27,29,-2,24,1.412,0.412,17,4,4,9,25,32,-7,16,0.941,0.235,0.471
2005-2006,Rizespor,17,6,6,5,19,21,-2,24,1.412,0.353,17,4,5,8,16,23,-7,17,1.0,0.235,0.412
2005-2006,Samsunspor,17,4,5,8,18,25,-7,17,1.0,0.235,17,5,4,8,27,37,-10,19,1.118,0.294,-0.118
2005-2006,Sivasspor,17,7,5,5,24,24,0,26,1.529,0.412,17,3,8,6,10,20,-10,17,1.0,0.176,0.529
2005-2006,Trabzonspor,17,8,4,5,27,18,9,28,1.647,0.471,17,7,3,7,24,24,0,24,1.412,0.412,0.235
2006-2007,Ankaragucu,17,6,5,6,18,19,-1,23,1.353,0.353,17,5,4,8,14,20,-6,19,1.118,0.294,0.235
2006-2007,Ankaraspor,17,7,9,1,24,16,8,30,1.765,0.412,17,3,8,6,19,22,-3,17,1.0,0.176,0.765
2006-2007,Antalyaspor,17,7,5,5,20,18,2,26,1.529,0.412,17,1,10,6,12,18,-6,13,0.765,0.059,0.764
2006-2007,Besiktas,17,13,1,3,27,13,14,40,2.353,0.765,17,5,6,6,16,19,-3,21,1.235,0.294,1.118
2006-2007,Bursaspor,17,8,6,3,19,13,6,30,1.765,0.471,17,4,3,10,17,29,-12,15,0.882,0.235,0.883
2006-2007,Denizlispor,17,7,6,4,19,16,3,27,1.588,0.412,17,2,8,7,14,24,-10,14,0.824,0.118,0.764
2006-2007,Erciyesspor,17,5,6,6,14,17,-3,21,1.235,0.294,17,4,4,9,15,32,-17,16,0.941,0.235,0.294
2006-2007,Fenerbahce,17,11,5,1,39,16,23,38,2.235,0.647,17,9,5,3,26,15,11,32,1.882,0.529,0.353
2006-2007,Galatasaray,17,10,5,2,36,15,21,35,2.059,0.588,17,5,6,6,22,22,0,21,1.235,0.294,0.824
2006-2007,Gaziantepspor,17,7,5,5,14,13,1,26,1.529,0.412,17,4,5,8,17,26,-9,17,1.0,0.235,0.529
2006-2007,Genclerbirligi,17,8,2,7,22,23,-1,26,1.529,0.471,17,6,4,7,21,19,2,22,1.294,0.353,0.235
2006-2007,Kayserispor,17,9,7,1,28,16,12,34,2.0,0.529,17,4,5,8,26,27,-1,17,1.0,0.235,1.0
2006-2007,Konyaspor,17,8,6,3,25,15,10,30,1.765,0.471,17,4,3,10,17,29,-12,15,0.882,0.235,0.883
2006-2007,Manisaspor,17,8,3,6,26,21,5,27,1.588,0.471,17,3,6,8,15,24,-9,15,0.882,0.176,0.706
2006-2007,Rizespor,17,10,4,3,27,16,11,34,2.0,0.588,17,1,3,13,7,24,-17,6,0.353,0.059,1.647
2006-2007,Sakaryaspor,17,2,8,7,15,24,-9,14,0.824,0.118,17,2,2,13,10,27,-17,8,0.471,0.118,0.353
2006-2007,Sivasspor,17,8,2,7,21,23,-2,26,1.529,0.471,17,6,4,7,20,21,-1,22,1.294,0.353,0.235
2006-2007,Trabzonspor,17,10,4,3,32,16,16,34,2.0,0.588,17,5,3,9,22,28,-6,18,1.059,0.294,0.941
2007-2008,Ankaragucu,17,7,6,4,19,21,-2,27,1.588,0.412,17,4,4,9,17,23,-6,16,0.941,0.235,0.647
2007-2008,Ankaraspor,17,6,7,4,17,14,3,25,1.471,0.353,17,4,4,9,18,24,-6,16,0.941,0.235,0.53
2007-2008,Besiktas,17,11,3,3,33,15,18,36,2.118,0.647,17,12,1,4,25,17,8,37,2.176,0.706,-0.058
2007-2008,Bursaspor,17,6,7,4,16,14,2,25,1.471,0.353,17,3,4,10,15,26,-11,13,0.765,0.176,0.706
2007-2008,Buyuksehyr,17,8,2,7,23,18,5,26,1.529,0.471,17,2,6,9,21,29,-8,12,0.706,0.118,0.823
2007-2008,Denizlispor,17,9,2,6,28,20,8,29,1.706,0.529,17,4,4,9,20,28,-8,16,0.941,0.235,0.765
2007-2008,Fenerbahce,17,14,2,1,42,18,24,44,2.588,0.824,17,8,5,4,30,19,11,29,1.706,0.471,0.882
2007-2008,Galatasaray,17,13,3,1,35,10,25,42,2.471,0.765,17,11,4,2,29,13,16,37,2.176,0.647,0.295
2007-2008,Gaziantepspor,17,8,6,3,21,19,2,30,1.765,0.471,17,3,4,10,15,26,-11,13,0.765,0.176,1.0
2007-2008,Genclerbirligi,17,7,1,9,27,25,2,22,1.294,0.412,17,2,7,8,17,26,-9,13,0.765,0.118,0.529
2007-2008,Kasimpasa,17,4,4,9,14,24,-10,16,0.941,0.235,17,4,1,12,12,32,-20,13,0.765,0.235,0.176
2007-2008,Kayserispor,17,11,3,3,33,13,20,36,2.118,0.647,17,4,7,6,17,18,-1,19,1.118,0.235,1.0
2007-2008,Konyaspor,17,8,4,5,25,23,2,28,1.647,0.471,17,2,2,13,12,41,-29,8,0.471,0.118,1.176
2007-2008,Manisaspor,17,5,6,6,21,22,-1,21,1.235,0.294,17,2,2,13,21,40,-19,8,0.471,0.118,0.764
2007-2008,Oftasspor,17,4,6,7,14,18,-4,18,1.059,0.235,17,6,4,7,16,18,-2,22,1.294,0.353,-0.235
2007-2008,Rizespor,17,5,4,8,19,28,-9,19,1.118,0.294,17,2,4,11,13,36,-23,10,0.588,0.118,0.53
2007-2008,Sivasspor,17,13,1,3,33,17,16,40,2.353,0.765,17,10,3,4,24,12,12,33,1.941,0.588,0.412
2007-2008,Trabzonspor,17,10,3,4,28,19,9,33,1.941,0.588,17,4,4,9,16,20,-4,16,0.941,0.235,1.0
2008-2009,Ankaragucu,17,6,3,8,20,23,-3,21,1.235,0.353,17,5,3,9,16,24,-8,18,1.059,0.294,0.176
2008-2009,Ankaraspor,17,7,4,6,22,15,7,25,1.471,0.412,17,4,4,9,14,27,-13,16,0.941,0.235,0.53
2008-2009,Antalyaspor,17,7,5,5,21,20,1,26,1.529,0.412,17,3,5,9,13,22,-9,14,0.824,0.176,0.705
2008-2009,Besiktas,17,12,3,2,29,12,17,39,2.294,0.706,17,9,5,3,31,18,13,32,1.882,0.529,0.412
2008-2009,Bursaspor,17,9,6,2,24,11,13,33,1.941,0.529,17,7,4,6,23,25,-2,25,1.471,0.412,0.47
2008-2009,Buyuksehyr,17,7,3,7,20,19,1,24,1.412,0.412,17,5,3,9,17,27,-10,18,1.059,0.294,0.353
2008-2009,Denizlispor,17,9,3,5,25,21,4,30,1.765,0.529,17,2,2,13,14,31,-17,8,0.471,0.118,1.294
2008-2009,Eskisehirspor,17,7,6,4,30,24,6,27,1.588,0.412,17,3,4,10,15,25,-10,13,0.765,0.176,0.823
2008-2009,Fenerbahce,17,12,3,2,42,17,25,39,2.294,0.706,17,6,4,7,18,19,-1,22,1.294,0.353,1.0
2008-2009,Galatasaray,17,11,4,2,35,18,17,37,2.176,0.647,17,7,3,7,22,21,1,24,1.412,0.412,0.764
2008-2009,Gaziantepspor,17,8,5,4,24,19,5,29,1.706,0.471,17,4,6,7,22,29,-7,18,1.059,0.235,0.647
2008-2009,Genclerbirligi,17,6,4,7,18,21,-3,22,1.294,0.353,17,4,4,9,20,29,-9,16,0.941,0.235,0.353
2008-2009,Hacettepespor,17,5,2,10,19,31,-12,17,1.0,0.294,17,0,5,12,5,32,-27,5,0.294,0.0,0.706
2008-2009,Kayserispor,17,8,6,3,17,9,8,30,1.765,0.471,17,5,5,7,21,17,4,20,1.176,0.294,0.589
2008-2009,Kocaelispor,17,6,1,10,28,34,-6,19,1.118,0.353,17,2,4,11,19,39,-20,10,0.588,0.118,0.53
2008-2009,Konyaspor,17,5,6,6,22,18,4,21,1.235,0.294,17,5,2,10,13,28,-15,17,1.0,0.294,0.235
2008-2009,Sivasspor,17,13,3,1,32,10,22,42,2.471,0.765,17,6,6,5,22,18,4,24,1.412,0.353,1.059
2008-2009,Trabzonspor,17,9,5,3,23,14,9,32,1.882,0.529,17,10,3,4,31,20,11,33,1.941,0.588,-0.059
2009-2010,Ankaragucu,16,5,8,3,21,16,5,23,1.438,0.312,16,2,6,8,12,24,-12,12,0.75,0.125,0.688
2009-2010,Antalyaspor,16,8,3,5,26,15,11,27,1.688,0.5,16,4,4,8,17,23,-6,16,1.0,0.25,0.688
2009-2010,Besiktas,16,9,5,2,25,11,14,32,2.0,0.562,16,7,5,4,16,14,2,26,1.625,0.438,0.375
2009-2010,Bursaspor,16,13,1,2,34,9,25,40,2.5,0.812,16,8,5,3,25,17,8,29,1.812,0.5,0.688
2009-2010,Buyuksehyr,16,8,4,4,21,20,1,28,1.75,0.5,16,6,4,6,20,24,-4,22,1.375,0.375,0.375
2009-2010,Denizlispor,16,3,7,6,14,17,-3,16,1.0,0.188,16,1,1,14,10,32,-22,4,0.25,0.062,0.75
2009-2010,Diyarbakirspor,16,2,4,10,13,31,-18,10,0.625,0.125,16,2,5,9,9,23,-14,11,0.688,0.125,-0.063
2009-2010,Eskisehirspor,16,10,4,2,21,11,10,34,2.125,0.625,16,3,6,7,17,23,-6,15,0.938,0.188,1.187
2009-2010,Fenerbahce,16,12,2,2,30,13,17,38,2.375,0.75,16,9,3,4,25,15,10,30,1.875,0.562,0.5
2009-2010,Galatasaray,16,10,4,2,34,13,21,34,2.125,0.625,16,7,3,6,21,22,-1,24,1.5,0.438,0.625
2009-2010,Gaziantepspor,16,5,6,5,20,20,0,21,1.312,0.312,16,2,7,7,12,19,-7,13,0.812,0.125,0.5
2009-2010,Genclerbirligi,16,5,7,4,15,14,1,22,1.375,0.312,16,5,4,7,17,21,-4,19,1.188,0.312,0.187
2009-2010,Kasimpasa,16,6,5,5,26,25,1,23,1.438,0.375,16,2,6,8,18,28,-10,12,0.75,0.125,0.688
2009-2010,Kayserispor,16,5,7,4,22,14,8,22,1.375,0.312,16,7,2,7,17,23,-6,23,1.438,0.438,-0.063
2009-2010,Manisaspor,16,4,7,5,12,15,-3,19,1.188,0.25,16,2,6,8,9,19,-10,12,0.75,0.125,0.438
2009-2010,Sivasspor,16,5,3,8,20,26,-6,18,1.125,0.312,16,1,7,8,16,33,-17,10,0.625,0.062,0.5
2009-2010,Trabzonspor,16,10,3,3,26,12,14,33,2.062,0.625,16,4,6,6,21,20,1,18,1.125,0.25,0.937
2010-2011,Ankaragucu,17,6,5,6,30,32,-2,23,1.353,0.353,17,4,6,7,22,30,-8,18,1.059,0.235,0.294
2010-2011,Antalyaspor,17,5,7,5,22,22,0,22,1.294,0.294,17,5,5,7,19,26,-7,20,1.176,0.294,0.118
2010-2011,Besiktas,17,8,5,4,35,24,11,29,1.706,0.471,17,7,4,6,18,12,6,25,1.471,0.412,0.235
2010-2011,Bucaspor,17,6,4,7,23,26,-3,22,1.294,0.353,17,0,4,13,14,39,-25,4,0.235,0.0,1.059
2010-2011,Bursaspor,17,9,4,4,22,20,2,31,1.824,0.529,17,8,6,3,28,9,19,30,1.765,0.471,0.059
2010-2011,Buyuksehyr,17,7,3,7,18,21,-3,24,1.412,0.412,17,5,3,9,22,24,-2,18,1.059,0.294,0.353
2010-2011,Eskisehirspor,17,8,5,4,18,12,6,29,1.706,0.471,17,4,6,7,23,28,-5,18,1.059,0.235,0.647
2010-2011,Fenerbahce,17,14,3,0,41,8,33,45,2.647,0.824,17,12,1,4,43,26,17,37,2.176,0.706,0.471
2010-2011,Galatasaray,17,8,2,7,22,21,1,26,1.529,0.471,17,6,2,9,19,25,-6,20,1.176,0.353,0.353
2010-2011,Gaziantepspor,17,10,5,2,26,16,10,35,2.059,0.588,17,7,3,7,18,17,1,24,1.412,0.412,0.647
2010-2011,Genclerbirligi,17,6,3,8,24,28,-4,21,1.235,0.353,17,4,7,6,19,23,-4,19,1.118,0.235,0.117
2010-2011,Karabukspor,17,9,2,6,28,24,4,29,1.706,0.529,17,3,6,8,18,29,-11,15,0.882,0.176,0.824
2010-2011,Kasimpasa,17,3,3,11,15,37,-22,12,0.706,0.176,17,2,5,10,16,34,-18,11,0.647,0.118,0.059
2010-2011,Kayserispor,17,9,4,4,25,17,8,31,1.824,0.529,17,5,5,7,21,27,-6,20,1.176,0.294,0.648
2010-2011,Konyaspor,17,2,9,6,13,21,-8,15,0.882,0.118,17,2,3,12,15,28,-13,9,0.529,0.118,0.353
2010-2011,Manisaspor,17,7,1,9,24,27,-3,22,1.294,0.412,17,6,3,8,25,25,0,21,1.235,0.353,0.059
2010-2011,Sivasspor,17,6,7,4,26,24,2,25,1.471,0.353,17,2,4,11,17,33,-16,10,0.588,0.118,0.883
2010-2011,Trabzonspor,17,12,4,1,34,12,22,40,2.353,0.706,17,13,3,1,35,11,24,42,2.471,0.765,-0.118
2011-2012,Ankaragucu,17,1,3,13,7,36,-29,6,0.353,0.059,17,1,2,14,15,41,-26,5,0.294,0.059,0.059
2011-2012,Antalyaspor,17,7,6,4,19,18,1,27,1.588,0.412,17,3,3,11,13,24,-11,12,0.706,0.176,0.882
2011-2012,Besiktas,17,10,3,4,29,18,11,33,1.941,0.588,17,5,7,5,21,21,0,22,1.294,0.294,0.647
2011-2012,Bursaspor,17,8,4,5,20,12,8,28,1.647,0.471,17,5,6,6,24,23,1,21,1.235,0.294,0.412
2011-2012,Buyuksehyr,17,9,7,1,31,15,16,34,2.0,0.529,17,5,1,11,17,34,-17,16,0.941,0.294,1.059
2011-2012,Eskisehirspor,17,8,4,5,18,16,2,28,1.647,0.471,17,6,4,7,24,25,-1,22,1.294,0.353,0.353
2011-2012,Fenerbahce,17,14,3,0,39,12,27,45,2.647,0.824,17,6,5,6,22,22,0,23,1.353,0.353,1.294
2011-2012,Galatasaray,17,13,3,1,38,14,24,42,2.471,0.765,17,10,5,2,31,10,21,35,2.059,0.588,0.412
2011-2012,Gaziantepspor,17,9,3,5,24,13,11,30,1.765,0.529,17,4,6,7,16,20,-4,18,1.059,0.235,0.706
2011-2012,Genclerbirligi,17,9,6,2,32,16,16,33,1.941,0.529,17,4,4,9,17,32,-15,16,0.941,0.235,1.0
2011-2012,Karabukspor,17,11,3,3,30,21,9,36,2.118,0.647,17,2,2,13,14,35,-21,8,0.471,0.118,1.647
2011-2012,Kayserispor,17,8,4,5,28,19,9,28,1.647,0.471,17,5,1,11,14,20,-6,16,0.941,0.294,0.706
2011-2012,Manisaspor,17,5,3,9,16,27,-11,18,1.059,0.294,17,3,5,9,15,25,-10,14,0.824,0.176,0.235
2011-2012,Mersin Idman Yurdu,17,5,3,9,15,24,-9,18,1.059,0.294,17,7,3,7,19,21,-2,24,1.412,0.412,-0.353
2011-2012,Orduspor,17,7,7,3,17,13,4,28,1.647,0.412,17,3,5,9,11,21,-10,14,0.824,0.176,0.823
2011-2012,Samsunspor,17,6,5,6,24,24,0,23,1.353,0.353,17,3,4,10,12,23,-11,13,0.765,0.176,0.588
2011-2012,Sivasspor,17,7,7,3,25,20,5,28,1.647,0.412,17,6,4,7,32,34,-2,22,1.294,0.353,0.353
2011-2012,Trabzonspor,17,10,2,5,36,23,13,32,1.882,0.588,17,5,9,3,24,17,7,24,1.412,0.294,0.47
2012-2013,Akhisar Belediyespor,17,5,5,7,16,21,-5,20,1.176,0.294,17,6,4,7,20,23,-3,22,1.294,0.353,-0.118
2012-2013,Antalyaspor,17,11,1,5,37,28,9,34,2.0,0.647,17,3,4,10,13,24,-11,13,0.765,0.176,1.235
2012-2013,Besiktas,17,8,7,2,36,22,14,31,1.824,0.471,17,8,3,6,27,27,0,27,1.588,0.471,0.236
2012-2013,Bursaspor,17,8,7,2,24,12,12,31,1.824,0.471,17,6,6,5,28,29,-1,24,1.412,0.353,0.412
2012-2013,Buyuksehyr,17,5,6,6,24,24,0,21,1.235,0.294,17,4,3,10,19,26,-7,15,0.882,0.235,0.353
2012-2013,Elazigspor,17,6,7,4,14,17,-3,25,1.471,0.353,17,4,6,7,17,29,-12,18,1.059,0.235,0.412
2012-2013,Eskisehirspor,17,7,6,4,28,20,8,27,1.588,0.412,17,4,7,6,20,20,0,19,1.118,0.235,0.47
2012-2013,Fenerbahce,17,12,2,3,35,18,17,38,2.235,0.706,17,6,5,6,21,21,0,23,1.353,0.353,0.882
2012-2013,Galatasaray,17,13,2,2,38,17,21,41,2.412,0.765,17,8,6,3,28,18,10,30,1.765,0.471,0.647
2012-2013,Gaziantepspor,17,8,2,7,23,20,3,26,1.529,0.471,17,4,8,5,19,29,-10,20,1.176,0.235,0.353
2012-2013,Genclerbirligi,17,6,8,3,26,21,5,26,1.529,0.353,17,4,7,6,20,26,-6,19,1.118,0.235,0.411
2012-2013,Karabukspor,17,6,4,7,14,21,-7,22,1.294,0.353,17,5,3,9,27,32,-5,18,1.059,0.294,0.235
2012-2013,Kasimpasa,17,7,5,5,23,18,5,26,1.529,0.412,17,7,3,7,25,19,6,24,1.412,0.412,0.117
2012-2013,Kayserispor,17,9,5,3,25,14,11,32,1.882,0.529,17,6,2,9,23,31,-8,20,1.176,0.353,0.706
2012-2013,Mersin Idman Yurdu,17,4,5,8,17,20,-3,17,1.0,0.235,17,0,5,12,14,33,-19,5,0.294,0.0,0.706
2012-2013,Orduspor,17,6,4,7,26,28,-2,22,1.294,0.353,17,0,7,10,9,23,-14,7,0.412,0.0,0.882
2012-2013,Sivasspor,17,9,5,3,30,20,10,32,1.882,0.529,17,3,3,11,12,26,-14,12,0.706,0.176,1.176
2012-2013,Trabzonspor,17,9,4,4,23,17,6,31,1.824,0.529,17,4,3,10,16,23,-7,15,0.882,0.235,0.942
2013-2014,Akhisar Belediyespor,17,9,4,4,30,21,9,31,1.824,0.529,17,3,4,10,14,34,-20,13,0.765,0.176,1.059
2013-2014,Antalyaspor,17,2,7,8,16,22,-6,13,0.765,0.118,17,4,6,7,18,25,-7,18,1.059,0.235,-0.294
2013-2014,Besiktas,17,10,6,1,26,12,14,36,2.118,0.588,17,7,5,5,27,21,6,26,1.529,0.412,0.589
2013-2014,Bursaspor,17,8,6,3,27,19,8,30,1.765,0.471,17,4,4,9,13,27,-14,16,0.941,0.235,0.824
2013-2014,Elazigspor,17,6,4,7,21,19,2,22,1.294,0.353,17,4,0,13,17,43,-26,12,0.706,0.235,0.588
2013-2014,Erciyesspor,17,6,4,7,18,27,-9,22,1.294,0.353,17,4,3,10,16,23,-7,15,0.882,0.235,0.412
2013-2014,Eskisehirspor,17,7,6,4,21,15,6,27,1.588,0.412,17,3,6,8,12,20,-8,15,0.882,0.176,0.706
2013-2014,Fenerbahce,17,14,3,0,46,11,35,45,2.647,0.824,17,9,2,6,28,22,6,29,1.706,0.529,0.941
2013-2014,Galatasaray,17,13,2,2,36,16,20,41,2.412,0.765,17,5,9,3,23,16,7,24,1.412,0.294,1.0
2013-2014,Gaziantepspor,17,5,7,5,23,27,-4,22,1.294,0.294,17,5,0,12,15,31,-16,15,0.882,0.294,0.412
2013-2014,Genclerbirligi,17,8,4,5,26,20,6,28,1.647,0.471,17,5,2,10,13,23,-10,17,1.0,0.294,0.647
2013-2014,Karabukspor,17,8,6,3,18,12,6,30,1.765,0.471,17,5,5,7,15,22,-7,20,1.176,0.294,0.589
2013-2014,Kasimpasa,17,7,4,6,33,25,8,25,1.471,0.412,17,6,8,3,23,14,9,26,1.529,0.353,-0.058
2013-2014,Kayserispor,17,4,4,9,12,25,-13,16,0.941,0.235,17,3,4,10,18,33,-15,13,0.765,0.176,0.176
2013-2014,Konyaspor,17,9,3,5,29,15,14,30,1.765,0.529,17,2,6,9,19,30,-11,12,0.706,0.118,1.059
2013-2014,Rizespor,17,6,7,4,22,16,6,25,1.471,0.353,17,4,5,8,21,27,-6,17,1.0,0.235,0.471
2013-2014,Sivasspor,17,13,0,4,35,21,14,39,2.294,0.765,17,3,5,9,25,34,-9,14,0.824,0.176,1.47
2013-2014,Trabzonspor,17,10,4,3,28,19,9,34,2.0,0.588,17,4,7,6,25,22,3,19,1.118,0.235,0.882
2014-2015,Akhisar Belediyespor,17,5,8,4,23,20,3,23,1.353,0.294,17,4,3,10,18,31,-13,15,0.882,0.235,0.471
2014-2015,Balikesirspor,17,4,4,9,25,31,-6,16,0.941,0.235,17,2,5,10,23,38,-15,11,0.647,0.118,0.294
2014-2015,Besiktas,17,9,5,3,30,19,11,32,1.882,0.529,17,12,1,4,25,13,12,37,2.176,0.706,-0.294
2014-2015,Bursaspor,17,10,5,2,43,18,25,35,2.059,0.588,17,6,4,7,26,26,0,22,1.294,0.353,0.765
2014-2015,Buyuksehyr,17,8,8,1,31,15,16,32,1.882,0.471,17,7,6,4,18,15,3,27,1.588,0.412,0.294
2014-2015,Erciyesspor,17,4,3,10,25,31,-6,15,0.882,0.235,17,1,9,7,18,31,-13,12,0.706,0.059,0.176
2014-2015,Eskisehirspor,17,6,4,7,22,23,-1,22,1.294,0.353,17,3,8,6,23,29,-6,17,1.0,0.176,0.294
2014-2015,Fenerbahce,17,13,3,1,30,14,16,42,2.471,0.765,17,9,5,3,30,15,15,32,1.882,0.529,0.589
2014-2015,Galatasaray,17,13,3,1,32,17,15,42,2.471,0.765,17,11,2,4,28,18,10,35,2.059,0.647,0.412
2014-2015,Gaziantepspor,17,6,3,8,15,24,-9,21,1.235,0.353,17,5,4,8,16,24,-8,19,1.118,0.294,0.117
2014-2015,Genclerbirligi,17,6,6,5,25,18,7,24,1.412,0.353,17,4,4,9,21,26,-5,16,0.941,0.235,0.471
2014-2015,Karabukspor,17,6,4,7,20,19,1,22,1.294,0.353,17,1,3,13,24,45,-21,6,0.353,0.059,0.941
2014-2015,Kasimpasa,17,6,6,5,32,32,0,24,1.412,0.353,17,3,4,10,24,41,-17,13,0.765,0.176,0.647
2014-2015,Konyaspor,17,9,4,4,20,16,4,31,1.824,0.529,17,3,6,8,10,23,-13,15,0.882,0.176,0.942
2014-2015,Mersin Idman Yurdu,17,8,4,5,29,22,7,28,1.647,0.471,17,5,4,8,25,26,-1,19,1.118,0.294,0.529
2014-2015,Rizespor,17,3,5,9,17,31,-14,14,0.824,0.176,17,6,4,7,24,24,0,22,1.294,0.353,-0.47
2014-2015,Sivasspor,17,4,6,7,20,20,0,18,1.059,0.235,17,5,3,9,23,30,-7,18,1.059,0.294,0.0
2014-2015,Trabzonspor,17,12,3,2,38,26,12,39,2.294,0.706,17,3,9,5,20,22,-2,18,1.059,0.176,1.235
2015-2016,Akhisar Belediyespor,17,7,6,4,18,16,2,27,1.588,0.412,17,4,7,6,24,25,-1,19,1.118,0.235,0.47
2015-2016,Antalyaspor,17,9,6,2,36,20,16,33,1.941,0.529,17,3,3,11,17,32,-15,12,0.706,0.176,1.235
2015-2016,Besiktas,17,14,1,2,38,14,24,43,2.529,0.824,17,11,3,3,37,21,16,36,2.118,0.647,0.411
2015-2016,Bursaspor,17,7,4,6,23,23,0,25,1.471,0.412,17,6,1,10,24,32,-8,19,1.118,0.353,0.353
2015-2016,Buyuksehyr,17,11,3,3,33,17,16,36,2.118,0.647,17,5,8,4,21,19,2,23,1.353,0.294,0.765
2015-2016,Eskisehirspor,17,6,2,9,26,33,-7,20,1.176,0.353,17,2,4,11,13,31,-18,10,0.588,0.118,0.588
2015-2016,Fenerbahce,17,14,3,0,32,10,22,45,2.647,0.824,17,8,5,4,28,17,11,29,1.706,0.471,0.941
2015-2016,Galatasaray,17,9,6,2,40,18,22,33,1.941,0.529,17,4,6,7,29,31,-2,18,1.059,0.235,0.882
2015-2016,Gaziantepspor,17,6,2,9,16,22,-6,20,1.176,0.353,17,3,7,7,15,28,-13,16,0.941,0.176,0.235
2015-2016,Genclerbirligi,17,8,5,4,23,14,9,29,1.706,0.471,17,5,1,11,19,28,-9,16,0.941,0.294,0.765
2015-2016,Kasimpasa,17,8,4,5,27,18,9,28,1.647,0.471,17,6,4,7,23,22,1,22,1.294,0.353,0.353
2015-2016,Kayserispor,17,3,8,6,12,16,-4,17,1.0,0.176,17,4,5,8,13,25,-12,17,1.0,0.235,0.0
2015-2016,Konyaspor,17,12,4,1,29,16,13,40,2.353,0.706,17,7,5,5,15,17,-2,26,1.529,0.412,0.824
2015-2016,Mersin Idman Yurdu,17,4,3,10,19,33,-14,15,0.882,0.235,17,1,3,13,12,38,-26,6,0.353,0.059,0.529
2015-2016,Osmanlispor,17,7,4,6,28,21,7,25,1.471,0.412,17,7,6,4,24,15,9,27,1.588,0.412,-0.117
2015-2016,Rizespor,17,7,5,5,27,19,8,26,1.529,0.412,17,2,5,10,12,29,-17,11,0.647,0.118,0.882
2015-2016,Sivasspor,17,4,9,4,21,20,1,21,1.235,0.235,17,2,4,11,13,28,-15,10,0.588,0.118,0.647
2015-2016,Trabzonspor,17,8,3,6,25,24,1,27,1.588,0.471,17,4,1,12,15,35,-20,13,0.765,0.235,0.823
2016-2017,Adanaspor,17,4,3,10,19,32,-13,15,0.882,0.235,17,2,4,11,13,30,-17,10,0.588,0.118,0.294
2016-2017,Akhisar Belediyespor,17,9,2,6,29,18,11,29,1.706,0.529,17,5,4,8,17,24,-7,19,1.118,0.294,0.588
2016-2017,Alanyaspor,17,8,1,8,35,32,3,25,1.471,0.471,17,4,3,10,19,33,-14,15,0.882,0.235,0.589
2016-2017,Antalyaspor,17,9,4,4,20,16,4,31,1.824,0.529,17,8,3,6,27,24,3,27,1.588,0.471,0.236
2016-2017,Besiktas,17,13,4,0,44,15,29,43,2.529,0.765,17,10,4,3,29,15,14,34,2.0,0.588,0.529
2016-2017,Bursaspor,17,7,3,7,19,22,-3,24,1.412,0.412,17,4,2,11,15,36,-21,14,0.824,0.235,0.588
2016-2017,Buyuksehyr,17,12,5,0,39,15,24,41,2.412,0.706,17,9,5,3,24,13,11,32,1.882,0.529,0.53
2016-2017,Fenerbahce,17,8,6,3,28,15,13,30,1.765,0.471,17,10,4,3,32,17,15,34,2.0,0.588,-0.235
2016-2017,Galatasaray,17,11,0,6,37,17,20,33,1.941,0.647,17,9,4,4,28,23,5,31,1.824,0.529,0.117
2016-2017,Gaziantepspor,17,4,2,11,15,29,-14,14,0.824,0.235,17,3,3,11,15,36,-21,12,0.706,0.176,0.118
2016-2017,Genclerbirligi,17,8,6,3,19,9,10,30,1.765,0.471,17,4,4,9,14,25,-11,16,0.941,0.235,0.824
2016-2017,Karabukspor,17,10,4,3,24,12,12,34,2.0,0.588,17,2,3,12,14,36,-22,9,0.529,0.118,1.471
2016-2017,Kasimpasa,17,8,4,5,31,24,7,28,1.647,0.471,17,4,3,10,15,25,-10,15,0.882,0.235,0.765
2016-2017,Kayserispor,17,6,3,8,23,23,0,21,1.235,0.353,17,4,5,8,24,35,-11,17,1.0,0.235,0.235
2016-2017,Konyaspor,17,6,5,6,20,21,-1,23,1.353,0.353,17,5,5,7,20,24,-4,20,1.176,0.294,0.177
2016-2017,Osmanlispor,17,3,6,8,15,24,-9,15,0.882,0.176,17,6,5,6,22,21,1,23,1.353,0.353,-0.471
2016-2017,Rizespor,17,6,4,7,24,23,1,22,1.294,0.353,17,4,2,11,20,30,-10,14,0.824,0.235,0.47
2016-2017,Trabzonspor,17,6,5,6,22,18,4,23,1.353,0.353,17,8,4,5,17,16,1,28,1.647,0.471,-0.294
2017-2018,Akhisar Belediyespor,17,7,4,6,20,24,-4,25,1.471,0.412,17,4,5,8,24,29,-5,17,1.0,0.235,0.471
2017-2018,Alanyaspor,17,6,4,7,30,28,2,22,1.294,0.353,17,5,3,9,25,31,-6,18,1.059,0.294,0.235
2017-2018,Antalyaspor,17,7,4,6,25,23,2,25,1.471,0.412,17,3,4,10,15,36,-21,13,0.765,0.176,0.706
2017-2018,Besiktas,17,14,3,0,44,10,34,45,2.647,0.824,17,7,5,5,25,20,5,26,1.529,0.412,1.118
2017-2018,Bursaspor,17,8,4,5,24,18,6,28,1.647,0.471,17,3,2,12,19,30,-11,11,0.647,0.176,1.0
2017-2018,Buyuksehyr,17,13,3,1,36,14,22,42,2.471,0.765,17,9,3,5,26,20,6,30,1.765,0.529,0.706
2017-2018,Fenerbahce,17,11,4,2,42,23,19,37,2.176,0.647,17,10,5,2,36,13,23,35,2.059,0.588,0.117
2017-2018,Galatasaray,17,16,1,0,46,9,37,49,2.882,0.941,17,8,2,7,29,24,5,26,1.529,0.471,1.353
2017-2018,Genclerbirligi,17,7,4,6,18,14,4,25,1.471,0.412,17,1,5,11,19,40,-21,8,0.471,0.059,1.0
2017-2018,Goztep,17,8,5,4,30,23,7,29,1.706,0.471,17,5,5,7,19,27,-8,20,1.176,0.294,0.53
2017-2018,Karabukspor,17,3,1,13,10,41,-31,10,0.588,0.176,17,0,2,15,10,45,-35,2,0.118,0.0,0.47
2017-2018,Kasimpasa,17,8,4,5,32,29,3,28,1.647,0.471,17,5,3,9,25,29,-4,18,1.059,0.294,0.588
2017-2018,Kayserispor,17,7,5,5,25,26,-1,26,1.529,0.412,17,5,3,9,19,29,-10,18,1.059,0.294,0.47
2017-2018,Konyaspor,17,7,6,4,24,15,9,27,1.588,0.412,17,2,3,12,14,27,-13,9,0.529,0.118,1.059
2017-2018,Osmanlispor,17,6,5,6,26,24,2,23,1.353,0.353,17,2,4,11,23,36,-13,10,0.588,0.118,0.765
2017-2018,Sivasspor,17,9,4,4,26,20,6,31,1.824,0.529,17,5,3,9,19,33,-14,18,1.059,0.294,0.765
2017-2018,Trabzonspor,17,9,2,6,33,28,5,29,1.706,0.529,17,6,8,3,30,23,7,26,1.529,0.353,0.177
2017-2018,Yeni Malatyaspor,17,7,6,4,25,21,4,27,1.588,0.412,17,4,4,9,13,24,-11,16,0.941,0.235,0.647
2018-2019,Akhisar Belediyespor,17,4,6,7,22,26,-4,18,1.059,0.235,17,2,3,12,12,28,-16,9,0.529,0.118,0.53
2018-2019,Alanyaspor,17,9,4,4,23,13,10,31,1.824,0.529,17,3,4,10,14,30,-16,13,0.765,0.176,1.059
2018-2019,Ankaragucu,17,6,5,6,20,22,-2,23,1.353,0.353,17,5,2,10,18,31,-13,17,1.0,0.294,0.353
2018-2019,Antalyaspor,17,6,5,6,22,22,0,23,1.353,0.353,17,7,1,9,17,33,-16,22,1.294,0.412,0.059
2018-2019,Besiktas,17,12,3,2,37,21,16,39,2.294,0.706,17,7,5,5,35,26,9,26,1.529,0.412,0.765
2018-2019,Bursaspor,17,4,8,5,14,16,-2,20,1.176,0.235,17,3,8,6,14,21,-7,17,1.0,0.176,0.176
2018-2019,Buyuksehyr,17,10,5,2,27,11,16,35,2.059,0.588,17,9,5,3,22,11,11,32,1.882,0.529,0.177
2018-2019,Erzurum BB,17,6,3,8,18,20,-2,21,1.235,0.353,17,2,8,7,18,23,-5,14,0.824,0.118,0.411
2018-2019,Fenerbahce,17,8,7,2,30,22,8,31,1.824,0.471,17,3,6,8,14,22,-8,15,0.882,0.176,0.942
2018-2019,Galatasaray,17,13,4,0,47,12,35,43,2.529,0.765,17,7,5,5,25,24,1,26,1.529,0.412,1.0
2018-2019,Goztep,17,8,3,6,24,20,4,27,1.588,0.471,17,3,2,12,13,22,-9,11,0.647,0.176,0.941
2018-2019,Kasimpasa,17,7,3,7,30,27,3,24,1.412,0.412,17,4,3,10,23,35,-12,15,0.882,0.235,0.53
2018-2019,Kayserispor,17,6,6,5,17,20,-3,24,1.412,0.353,17,4,5,8,18,30,-12,17,1.0,0.235,0.412
2018-2019,Konyaspor,17,5,8,4,20,17,3,23,1.353,0.294,17,4,9,4,20,21,-1,21,1.235,0.235,0.118
2018-2019,Rizespor,17,5,7,5,27,24,3,22,1.294,0.294,17,4,7,6,21,26,-5,19,1.118,0.235,0.176
2018-2019,Sivasspor,17,7,6,4,24,18,6,27,1.588,0.412,17,3,5,9,25,36,-11,14,0.824,0.176,0.764
2018-2019,Trabzonspor,17,12,2,3,39,20,19,38,2.235,0.706,17,6,7,4,25,26,-1,25,1.471,0.353,0.764
2018-2019,Yeni Malatyaspor,17,9,4,4,31,19,12,31,1.824,0.529,17,4,4,9,16,27,-11,16,0.941,0.235,0.883
2019-2020,Alanyaspor,17,10,4,3,36,15,21,34,2.0,0.588,17,6,5,6,25,22,3,23,1.353,0.353,0.647
2019-2020,Ankaragucu,17,4,4,9,15,30,-15,16,0.941,0.235,17,3,7,7,16,26,-10,16,0.941,0.176,0.0
2019-2020,Antalyaspor,17,5,6,6,22,29,-7,21,1.235,0.294,17,6,6,5,19,23,-4,24,1.412,0.353,-0.177
2019-2020,Besiktas,17,11,3,3,34,15,19,36,2.118,0.647,17,8,2,7,25,25,0,26,1.529,0.471,0.589
2019-2020,Buyuksehyr,17,12,4,1,38,13,25,40,2.353,0.706,17,8,5,4,27,21,6,29,1.706,0.471,0.647
2019-2020,Denizlispor,17,5,2,10,14,25,-11,17,1.0,0.294,17,4,6,7,17,23,-6,18,1.059,0.235,-0.059
2019-2020,Fenerbahce,17,11,3,3,41,22,19,36,2.118,0.647,17,4,5,8,17,24,-7,17,1.0,0.235,1.118
2019-2020,Galatasaray,17,10,5,2,32,15,17,35,2.059,0.588,17,5,6,6,23,22,1,21,1.235,0.294,0.824
2019-2020,Gaziantep,17,6,7,4,30,21,9,25,1.471,0.353,17,5,6,6,19,29,-10,21,1.235,0.294,0.236
2019-2020,Genclerbirligi,17,5,6,6,18,23,-5,21,1.235,0.294,17,4,3,10,21,33,-12,15,0.882,0.235,0.353
2019-2020,Goztep,17,6,6,5,26,26,0,24,1.412,0.353,17,5,3,9,18,23,-5,18,1.059,0.294,0.353
2019-2020,Kasimpasa,17,7,3,7,30,25,5,24,1.412,0.412,17,5,4,8,23,33,-10,19,1.118,0.294,0.294
2019-2020,Kayserispor,17,6,6,5,23,24,-1,24,1.412,0.353,17,2,2,13,17,48,-31,8,0.471,0.118,0.941
2019-2020,Konyaspor,17,4,7,6,16,22,-6,19,1.118,0.235,17,4,5,8,20,30,-10,17,1.0,0.235,0.118
2019-2020,Rizespor,17,8,3,6,26,20,6,27,1.588,0.471,17,2,2,13,12,37,-25,8,0.471,0.118,1.117
2019-2020,Sivasspor,17,11,4,2,27,12,15,37,2.176,0.647,17,6,5,6,28,26,2,23,1.353,0.353,0.823
2019-2020,Trabzonspor,17,9,5,3,43,23,20,32,1.882,0.529,17,9,6,2,33,19,14,33,1.941,0.529,-0.059
2019-2020,Yeni Malatyaspor,17,4,4,9,22,22,0,16,0.941,0.235,17,4,4,9,22,29,-7,16,0.941,0.235,0.0
2020-2021,Alanyaspor,20,12,4,4,42,21,21,40,2.0,0.6,20,5,5,10,16,24,-8,20,1.0,0.25,1.0
2020-2021,Ankaragucu,20,8,3,9,26,25,1,27,1.35,0.4,20,2,5,13,20,40,-20,11,0.55,0.1,0.8
2020-2021,Antalyaspor,20,6,7,7,24,28,-4,25,1.25,0.3,20,3,10,7,17,27,-10,19,0.95,0.15,0.3
2020-2021,Besiktas,20,14,3,3,49,14,35,45,2.25,0.7,20,12,3,5,40,30,10,39,1.95,0.6,0.3
2020-2021,Buyuksehyr,20,5,8,7,26,28,-2,23,1.15,0.25,20,7,4,9,17,27,-10,25,1.25,0.35,-0.1
2020-2021,Denizlispor,20,4,6,10,17,27,-10,18,0.9,0.2,20,2,4,14,21,50,-29,10,0.5,0.1,0.4
2020-2021,Erzurum BB,20,2,8,10,18,30,-12,14,0.7,0.1,20,8,2,10,26,38,-12,26,1.3,0.4,-0.6
2020-2021,Fenerbahce,20,11,2,7,34,25,9,35,1.75,0.55,20,14,5,1,38,16,22,47,2.35,0.7,-0.6
2020-2021,Galatasaray,20,12,6,2,45,17,28,42,2.1,0.6,20,14,0,6,35,19,16,42,2.1,0.7,0.0
2020-2021,Gaziantep,20,10,6,4,37,24,13,36,1.8,0.5,20,5,7,8,22,27,-5,22,1.1,0.25,0.7
2020-2021,Genclerbirligi,20,6,5,9,27,35,-8,23,1.15,0.3,20,4,3,13,17,41,-24,15,0.75,0.2,0.4
2020-2021,Goztep,20,8,5,7,35,27,8,29,1.45,0.4,20,5,7,8,24,32,-8,22,1.1,0.25,0.35
2020-2021,Hatayspor,20,10,4,6,35,23,12,34,1.7,0.5,20,7,6,7,27,30,-3,27,1.35,0.35,0.35
2020-2021,Karagumruk,20,12,4,4,42,20,22,40,2.0,0.6,20,4,8,8,22,32,-10,20,1.0,0.2,1.0
2020-2021,Kasimpasa,20,9,4,7,26,25,1,31,1.55,0.45,20,3,6,11,21,32,-11,15,0.75,0.15,0.8
2020-2021,Kayserispor,20,5,7,8,20,25,-5,22,1.1,0.25,20,4,7,9,15,27,-12,19,0.95,0.2,0.15
2020-2021,Konyaspor,20,7,9,4,27,19,8,30,1.5,0.35,20,5,5,10,22,29,-7,20,1.0,0.25,0.5
2020-2021,Rizespor,20,7,7,6,27,30,-3,28,1.4,0.35,20,5,5,10,26,39,-13,20,1.0,0.25,0.4
2020-2021,Sivasspor,20,7,9,4,19,15,4,30,1.5,0.35,20,9,8,3,35,28,7,35,1.75,0.45,-0.25
2020-2021,Trabzonspor,20,11,3,6,30,24,6,36,1.8,0.55,20,8,11,1,20,13,7,35,1.75,0.4,0.05
2020-2021,Yeni Malatyaspor,20,7,8,5,26,22,4,29,1.45,0.35,20,3,7,10,23,31,-8,16,0.8,0.15,0.65
2021-2022,Ad. Demirspor,19,9,5,5,35,17,18,32,1.684,0.474,19,6,5,8,25,30,-5,23,1.211,0.316,0.473
2021-2022,Alanyaspor,19,9,4,6,39,31,8,31,1.632,0.474,19,10,3,6,28,27,1,33,1.737,0.526,-0.105
2021-2022,Altay,19,5,4,10,20,27,-7,19,1.0,0.263,19,4,3,12,19,30,-11,15,0.789,0.211,0.211
2021-2022,Antalyaspor,19,10,6,3,34,19,15,36,1.895,0.526,19,6,5,8,20,28,-8,23,1.211,0.316,0.684
2021-2022,Besiktas,19,10,6,3,32,23,9,36,1.895,0.526,19,5,8,6,24,25,-1,23,1.211,0.263,0.684
2021-2022,Buyuksehyr,19,12,2,5,30,15,15,38,2.0,0.632,19,7,6,6,26,21,5,27,1.421,0.368,0.579
2021-2022,Fenerbahce,19,11,5,3,33,17,16,38,2.0,0.579,19,10,5,4,40,21,19,35,1.842,0.526,0.158
2021-2022,Galatasaray,19,10,3,6,31,23,8,33,1.737,0.526,19,4,7,8,20,30,-10,19,1.0,0.211,0.737
2021-2022,Gaziantep,19,11,7,1,35,17,18,40,2.105,0.579,19,1,3,15,13,39,-26,6,0.316,0.053,1.789
2021-2022,Giresunspor,19,7,5,7,23,21,2,26,1.368,0.368,19,5,4,10,18,26,-8,19,1.0,0.263,0.368
2021-2022,Goztep,19,4,2,13,18,34,-16,14,0.737,0.211,19,3,5,11,22,43,-21,14,0.737,0.158,0.0
2021-2022,Hatayspor,19,10,5,4,36,21,15,35,1.842,0.526,19,5,3,11,20,39,-19,18,0.947,0.263,0.895
2021-2022,Karagumruk,19,10,5,4,29,18,11,35,1.842,0.526,19,6,4,9,18,34,-16,22,1.158,0.316,0.684
2021-2022,Kasimpasa,19,8,4,7,36,29,7,28,1.474,0.421,19,7,4,8,31,28,3,25,1.316,0.368,0.158
2021-2022,Kayserispor,19,10,4,5,32,22,10,34,1.789,0.526,19,2,7,10,22,39,-17,13,0.684,0.105,1.105
2021-2022,Konyaspor,19,13,4,2,36,15,21,43,2.263,0.684,19,7,4,8,30,30,0,25,1.316,0.368,0.947
2021-2022,Rizespor,19,8,2,9,24,31,-7,26,1.368,0.421,19,2,4,13,20,40,-20,10,0.526,0.105,0.842
2021-2022,Sivasspor,19,7,8,4,28,21,7,29,1.526,0.368,19,7,4,8,24,29,-5,25,1.316,0.368,0.21
2021-2022,Trabzonspor,19,12,7,0,35,17,18,43,2.263,0.632,19,11,5,3,34,19,15,38,2.0,0.579,0.263
2021-2022,Yeni Malatyaspor,19,3,3,13,20,43,-23,12,0.632,0.158,19,2,2,15,7,28,-21,8,0.421,0.105,0.211
2022-2023,Ad. Demirspor,18,12,4,2,46,19,27,40,2.222,0.667,18,8,5,5,30,26,4,29,1.611,0.444,0.611
2022-2023,Alanyaspor,18,8,4,6,29,27,2,28,1.556,0.444,18,3,4,11,25,43,-18,13,0.722,0.167,0.834
2022-2023,Ankaragucu,18,6,4,8,24,28,-4,22,1.222,0.333,18,6,2,10,19,25,-6,20,1.111,0.333,0.111
2022-2023,Antalyaspor,18,8,3,7,31,26,5,27,1.5,0.444,18,3,5,10,15,29,-14,14,0.778,0.167,0.722
2022-2023,Besiktas,18,13,4,1,41,15,26,43,2.389,0.722,18,10,5,3,37,21,16,35,1.944,0.556,0.445
2022-2023,Buyuksehyr,18,12,2,4,31,17,14,38,2.111,0.667,18,6,6,6,23,20,3,24,1.333,0.333,0.778
2022-2023,Fenerbahce,18,13,2,3,50,24,26,41,2.278,0.722,18,12,3,3,37,18,19,39,2.167,0.667,0.111
2022-2023,Galatasaray,18,15,2,1,41,15,26,47,2.611,0.833,18,13,2,3,42,12,30,41,2.278,0.722,0.333
2022-2023,Gaziantep,18,3,4,11,17,37,-20,13,0.722,0.167,18,3,3,12,14,35,-21,12,0.667,0.167,0.055
2022-2023,Giresunspor,18,6,4,8,25,29,-4,22,1.222,0.333,18,4,6,8,17,31,-14,18,1.0,0.222,0.222
2022-2023,Hatayspor,18,4,4,10,12,37,-25,16,0.889,0.222,18,2,1,15,7,46,-39,7,0.389,0.111,0.5
2022-2023,Istanbulspor,18,6,3,9,24,31,-7,21,1.167,0.333,18,6,2,10,23,32,-9,20,1.111,0.333,0.056
2022-2023,Karagumruk,18,7,5,6,40,31,9,26,1.444,0.389,18,6,7,5,35,32,3,25,1.389,0.333,0.055
2022-2023,Kasimpasa,18,7,3,8,29,33,-4,24,1.333,0.389,18,5,4,9,16,28,-12,19,1.056,0.278,0.277
2022-2023,Kayserispor,18,9,2,7,28,22,6,29,1.611,0.5,18,6,3,9,27,39,-12,21,1.167,0.333,0.444
2022-2023,Konyaspor,18,5,8,5,18,18,0,23,1.278,0.278,18,7,7,4,31,23,8,28,1.556,0.389,-0.278
2022-2023,Sivasspor,18,5,7,6,23,21,2,22,1.222,0.278,18,6,1,11,23,33,-10,19,1.056,0.333,0.166
2022-2023,Trabzonspor,18,12,4,2,38,13,25,40,2.222,0.667,18,5,2,11,26,41,-15,17,0.944,0.278,1.278
2022-2023,Umraniyespor,18,3,4,11,22,29,-7,13,0.722,0.167,18,4,5,9,25,35,-10,17,0.944,0.222,-0.222
2023-2024,Ad. Demirspor,19,9,4,6,33,30,3,31,1.632,0.474,19,1,10,8,21,31,-10,13,0.684,0.053,0.948
2023-2024,Alanyaspor,19,7,8,4,32,26,6,29,1.526,0.368,19,5,8,6,21,24,-3,23,1.211,0.263,0.315
2023-2024,Ankaragucu,19,6,9,4,21,18,3,27,1.421,0.316,19,2,7,10,25,34,-9,13,0.684,0.105,0.737
2023-2024,Antalyaspor,19,8,8,3,22,18,4,32,1.684,0.421,19,4,5,10,22,31,-9,17,0.895,0.211,0.789
2023-2024,Besiktas,19,10,4,5,29,19,10,34,1.789,0.526,19,6,4,9,23,28,-5,22,1.158,0.316,0.631
2023-2024,Buyuksehyr,19,10,3,6,30,19,11,33,1.737,0.526,19,8,4,7,27,24,3,28,1.474,0.421,0.263
2023-2024,Fenerbahce,19,15,3,1,59,20,39,48,2.526,0.789,19,16,3,0,40,11,29,51,2.684,0.842,-0.158
2023-2024,Galatasaray,19,18,0,1,51,15,36,54,2.842,0.947,19,15,3,1,41,11,30,48,2.526,0.789,0.316
2023-2024,Gaziantep,19,6,6,7,22,25,-3,24,1.263,0.316,19,6,2,11,28,32,-4,20,1.053,0.316,0.21
2023-2024,Hatayspor,19,7,7,5,30,26,4,28,1.474,0.368,19,2,7,10,15,26,-11,13,0.684,0.105,0.79
2023-2024,Istanbulspor,19,2,3,14,14,39,-25,9,0.474,0.105,19,2,4,13,13,41,-28,10,0.526,0.105,-0.052
2023-2024,Karagumruk,19,8,6,5,34,19,15,30,1.579,0.421,19,2,4,13,15,33,-18,10,0.526,0.105,1.053
2023-2024,Kasimpasa,19,9,4,6,34,33,1,31,1.632,0.474,19,7,4,8,28,32,-4,25,1.316,0.368,0.316
2023-2024,Kayserispor,19,6,8,5,25,23,2,26,1.368,0.316,19,5,4,10,19,34,-15,19,1.0,0.263,0.368
2023-2024,Konyaspor,19,6,5,8,23,23,0,23,1.211,0.316,19,3,9,7,17,30,-13,18,0.947,0.158,0.264
2023-2024,Pendikspor,19,6,3,10,22,33,-11,21,1.105,0.316,19,3,7,9,20,40,-20,16,0.842,0.158,0.263
2023-2024,Rizespor,19,11,5,3,28,15,13,38,2.0,0.579,19,3,3,13,20,43,-23,12,0.632,0.158,1.368
2023-2024,Samsunspor,19,10,5,4,28,17,11,35,1.842,0.526,19,1,5,13,14,35,-21,8,0.421,0.053,1.421
2023-2024,Sivasspor,19,7,8,4,24,20,4,29,1.526,0.368,19,7,4,8,23,34,-11,25,1.316,0.368,0.21
2023-2024,Trabzonspor,19,12,1,6,38,25,13,37,1.947,0.632,19,9,3,7,31,25,6,30,1.579,0.474,0.368
2024-2025,Ad. Demirspor,18,1,3,14,14,42,-28,6,0.333,0.056,18,2,2,14,20,50,-30,8,0.444,0.111,-0.111
2024-2025,Alanyaspor,18,8,5,5,26,21,5,29,1.611,0.444,18,4,4,10,17,29,-12,16,0.889,0.222,0.722
2024-2025,Antalyaspor,18,10,4,4,23,22,1,34,1.889,0.556,18,2,4,12,14,40,-26,10,0.556,0.111,1.333
2024-2025,Besiktas,18,11,2,5,34,22,12,35,1.944,0.611,18,6,9,3,25,14,11,27,1.5,0.333,0.444
2024-2025,Bodrumspor,18,5,5,8,15,19,-4,20,1.111,0.278,18,4,5,9,11,24,-13,17,0.944,0.222,0.167
2024-2025,Buyuksehyr,18,9,4,5,34,23,11,31,1.722,0.5,18,7,2,9,26,33,-7,23,1.278,0.389,0.444
2024-2025,Eyupspor,18,10,3,5,33,23,10,33,1.833,0.556,18,5,5,8,19,24,-5,20,1.111,0.278,0.722
2024-2025,Fenerbahce,18,14,2,2,42,18,24,44,2.444,0.778,18,12,4,2,48,21,27,40,2.222,0.667,0.222
2024-2025,Galatasaray,18,15,3,0,46,15,31,48,2.667,0.833,18,15,2,1,45,16,29,47,2.611,0.833,0.056
2024-2025,Gaziantep,18,10,4,4,24,14,10,34,1.889,0.556,18,2,5,11,21,36,-15,11,0.611,0.111,1.278
2024-2025,Goztep,18,10,6,2,36,16,20,36,2.0,0.556,18,3,5,10,23,34,-11,14,0.778,0.167,1.222
2024-2025,Hatayspor,18,4,5,9,24,31,-7,17,0.944,0.222,18,2,3,13,23,43,-20,9,0.5,0.111,0.444
2024-2025,Kasimpasa,18,5,7,6,31,33,-2,22,1.222,0.278,18,6,7,5,31,30,1,25,1.389,0.333,-0.167
2024-2025,Kayserispor,18,8,5,5,28,26,2,29,1.611,0.444,18,3,7,8,17,31,-14,16,0.889,0.167,0.722
2024-2025,Konyaspor,18,9,5,4,26,19,7,32,1.778,0.5,18,4,2,12,19,31,-12,14,0.778,0.222,1.0
2024-2025,Rizespor,18,9,4,5,33,25,8,31,1.722,0.5,18,6,0,12,19,33,-14,18,1.0,0.333,0.722
2024-2025,Samsunspor,18,11,2,5,32,21,11,35,1.944,0.611,18,8,5,5,23,20,3,29,1.611,0.444,0.333
2024-2025,Sivasspor,18,7,6,5,29,22,7,27,1.5,0.389,18,2,2,14,15,38,-23,8,0.444,0.111,1.056
2024-2025,Trabzonspor,18,10,5,3,40,22,18,35,1.944,0.556,18,3,7,8,18,23,-5,16,0.889,0.167,1.055
2025-2026,Alanyaspor,15,5,5,5,18,13,5,20,1.333,0.333,14,1,10,3,17,21,-4,13,0.929,0.071,0.404
2025-2026,Antalyaspor,14,4,3,7,21,31,-10,15,1.071,0.286,15,3,4,8,9,16,-7,13,0.867,0.2,0.204
2025-2026,Besiktas,15,9,3,3,29,18,11,30,2.0,0.6,14,7,4,3,24,16,8,25,1.786,0.5,0.214
2025-2026,Buyuksehyr,15,6,6,3,26,17,9,24,1.6,0.4,14,7,2,5,21,13,8,23,1.643,0.5,-0.043
2025-2026,Eyupspor,15,3,4,8,12,21,-9,13,0.867,0.2,14,2,3,9,8,22,-14,9,0.643,0.143,0.224
2025-2026,Fenerbahce,14,10,4,0,32,13,19,34,2.429,0.714,15,9,5,1,34,15,19,32,2.133,0.6,0.296
2025-2026,Galatasaray,15,11,4,0,39,12,27,37,2.467,0.733,14,10,1,3,28,10,18,31,2.214,0.714,0.253
2025-2026,Gaziantep,14,4,5,5,18,23,-5,17,1.214,0.286,15,4,5,6,20,26,-6,17,1.133,0.267,0.081
2025-2026,Genclerbirligi,14,5,4,5,19,20,-1,19,1.357,0.357,15,1,3,11,9,22,-13,6,0.4,0.067,0.957
2025-2026,Goztep,15,6,7,2,20,13,7,25,1.667,0.4,14,6,4,4,16,13,3,22,1.571,0.429,0.096
2025-2026,Karagumruk,14,4,3,7,14,20,-6,15,1.071,0.286,15,1,2,12,12,31,-19,5,0.333,0.067,0.738
2025-2026,Kasimpasa,14,3,5,6,12,18,-6,14,1.0,0.214,15,3,5,7,16,23,-7,14,0.933,0.2,0.067
2025-2026,Kayserispor,14,3,3,8,10,30,-20,12,0.857,0.214,15,1,8,6,11,24,-13,11,0.733,0.067,0.124
2025-2026,Kocaelispor,15,6,4,5,14,11,3,22,1.467,0.4,14,3,4,7,10,22,-12,13,0.929,0.214,0.538
2025-2026,Konyaspor,15,5,6,4,19,15,4,21,1.4,0.333,14,3,4,7,17,26,-9,13,0.929,0.214,0.471
2025-2026,Rizespor,15,7,2,6,19,19,0,23,1.533,0.467,14,2,7,5,20,21,-1,13,0.929,0.143,0.604
2025-2026,Samsunspor,14,4,7,3,13,15,-2,19,1.357,0.286,15,5,5,5,21,23,-2,20,1.333,0.333,0.024
2025-2026,Trabzonspor,14,9,4,1,27,13,14,31,2.214,0.643,15,10,3,2,29,18,11,33,2.2,0.667,0.014
